{"cameraMode":{"drawMode":0,"name":"Shaded","section":"Shading Mode"},"sceneLighting":false,"audioPlay":false,"sceneViewState":{"showFog":true,"showMaterialUpdate":true,"showSkybox":false,"showFlares":true,"showImageEffects":true,"showParticleSystems":true},"in2DMode":false,"pivot":{"x":21.181333541870118,"y":4.635134696960449,"z":-1.8418612480163575},"rotation":{"x":0.14837664365768434,"y":-0.22569765150547028,"z":0.03480372950434685,"w":0.9622029662132263},"size":2.2841053009033205,"orthographic":false}