{"cameraMode":{"drawMode":0,"name":"Shaded","section":"Shading Mode"},"sceneLighting":false,"audioPlay":false,"sceneViewState":{"showFog":true,"showMaterialUpdate":true,"showSkybox":false,"showFlares":true,"showImageEffects":true,"showParticleSystems":true},"in2DMode":false,"pivot":{"x":0.04999995231628418,"y":3.8899998664855959,"z":-0.009999871253967286},"rotation":{"x":0.10459544509649277,"y":0.06320851296186447,"z":-0.006661389023065567,"w":0.99248206615448},"size":4.461222171783447,"orthographic":false}