{"cameraMode":{"drawMode":0,"name":"Shaded","section":"Shading Mode"},"sceneLighting":false,"audioPlay":false,"sceneViewState":{"showFog":true,"showMaterialUpdate":true,"showSkybox":false,"showFlares":true,"showImageEffects":true,"showParticleSystems":true},"in2DMode":false,"pivot":{"x":20.0,"y":2.9749999046325685,"z":0.04999995231628418},"rotation":{"x":0.22552011907100678,"y":-0.332417368888855,"z":0.08219332247972489,"w":0.912077009677887},"size":4.442761421203613,"orthographic":false}