{"cameraMode":{"drawMode":0,"name":"Shaded","section":"Shading Mode"},"sceneLighting":false,"audioPlay":false,"sceneViewState":{"showFog":true,"showMaterialUpdate":true,"showSkybox":false,"showFlares":true,"showImageEffects":true,"showParticleSystems":true},"in2DMode":false,"pivot":{"x":0.16636896133422852,"y":1.3172991275787354,"z":4.967199802398682},"rotation":{"x":0.13738298416137696,"y":0.28593209385871889,"z":-0.04146140441298485,"w":0.9474444389343262},"size":6.464977264404297,"orthographic":false}