{"cameraMode":{"drawMode":0,"name":"Shaded","section":"Shading Mode"},"sceneLighting":false,"audioPlay":false,"sceneViewState":{"showFog":true,"showMaterialUpdate":true,"showSkybox":false,"showFlares":true,"showImageEffects":true,"showParticleSystems":true},"in2DMode":false,"pivot":{"x":6.542494297027588,"y":10.67617130279541,"z":0.8414983749389648},"rotation":{"x":0.06627359986305237,"y":0.31474626064300539,"z":-0.02203638106584549,"w":0.9466051459312439},"size":6.227190017700195,"orthographic":false}