{"cameraMode":{"drawMode":0,"name":"Shaded","section":"Shading Mode"},"sceneLighting":true,"audioPlay":false,"sceneViewState":{"showFog":true,"showMaterialUpdate":true,"showSkybox":true,"showFlares":true,"showImageEffects":true,"showParticleSystems":true},"in2DMode":false,"pivot":{"x":-1.3226699829101563,"y":-39.590667724609378,"z":32.787715911865237},"rotation":{"x":0.30667227506637576,"y":0.10026762634515763,"z":-0.03250598907470703,"w":0.9459614157676697},"size":47.799861907958987,"orthographic":false}