{"cameraMode":{"drawMode":0,"name":"Shaded","section":"Shading Mode"},"sceneLighting":false,"audioPlay":false,"sceneViewState":{"showFog":true,"showMaterialUpdate":true,"showSkybox":false,"showFlares":true,"showImageEffects":true,"showParticleSystems":true},"in2DMode":false,"pivot":{"x":1.2158236503601075,"y":3.747157573699951,"z":-8.374593734741211},"rotation":{"x":0.2360553741455078,"y":-0.18807381391525269,"z":0.04662331938743591,"w":0.9522250294685364},"size":4.461222171783447,"orthographic":false}