{"cameraMode":{"drawMode":0,"name":"Shaded","section":"Shading Mode"},"sceneLighting":false,"audioPlay":false,"sceneViewState":{"showFog":true,"showMaterialUpdate":true,"showSkybox":false,"showFlares":true,"showImageEffects":true,"showParticleSystems":true},"in2DMode":false,"pivot":{"x":20.0,"y":3.695000171661377,"z":0.2549999952316284},"rotation":{"x":0.24008038640022279,"y":-0.10459984838962555,"z":0.026029912754893304,"w":0.9647504091262817},"size":5.032386779785156,"orthographic":false}