{"cameraMode":{"drawMode":0,"name":"Shaded","section":"Shading Mode"},"sceneLighting":false,"audioPlay":false,"sceneViewState":{"showFog":true,"showMaterialUpdate":true,"showSkybox":false,"showFlares":true,"showImageEffects":true,"showParticleSystems":true},"in2DMode":false,"pivot":{"x":17.50037956237793,"y":0.5330018997192383,"z":1.8499164581298829},"rotation":{"x":0.24539603292942048,"y":-0.18902751803398133,"z":0.048850640654563907,"w":0.94955974817276},"size":6.38182258605957,"orthographic":false}