{"cameraMode":{"drawMode":0,"name":"Shaded","section":"Shading Mode"},"sceneLighting":false,"audioPlay":false,"sceneViewState":{"showFog":true,"showMaterialUpdate":true,"showSkybox":false,"showFlares":true,"showImageEffects":true,"showParticleSystems":true},"in2DMode":false,"pivot":{"x":20.110658645629884,"y":4.057369709014893,"z":1.0054913759231568},"rotation":{"x":0.13996167480945588,"y":-0.7149604558944702,"z":0.14969810843467713,"w":0.6684573888778687},"size":6.168468475341797,"orthographic":false}