{"cameraMode":{"drawMode":0,"name":"Shaded","section":"Shading Mode"},"sceneLighting":false,"audioPlay":false,"sceneViewState":{"showFog":true,"showMaterialUpdate":true,"showSkybox":false,"showFlares":true,"showImageEffects":true,"showParticleSystems":true},"in2DMode":false,"pivot":{"x":0.0,"y":3.429999828338623,"z":0.26999998092651369},"rotation":{"x":0.11872664839029312,"y":-0.3251306712627411,"z":0.04118451848626137,"w":0.9372829794883728},"size":4.427188873291016,"orthographic":false}